CUMHURBAŞKANI VE 28.DÖNEM MİLLETVEKİLİ GENEL SEÇİMİ;;;;
İl Kodu;Seçim Çevresi Adı;Siyasi Parti Adı;Adı Soyadı;Seçilme Sırası
;ADANA;ADALET VE KALKINMA PARTİSİ;ÖMER ÇELİK;1
;ADANA;CUMHURİYET HALK PARTİSİ;ORHAN SÜMER;2
;ADANA;ADALET VE KALKINMA PARTİSİ;AHMET ZENBİLCİ;3
;ADANA;CUMHURİYET HALK PARTİSİ;MÜZEYYEN ŞEVKİN;4
;ADANA;MİLLİYETÇİ HAREKET PARTİSİ;MUHARREM VARLI;5
;ADANA;İYİ PARTİ;AYYÜCE TÜRKEŞ TAŞ;6
;ADANA;ADALET VE KALKINMA PARTİSİ;SUNAY KARAMIK;7
;ADANA;YEŞİLLER VE SOL GELECEK PARTİSİ;TULAY HATIMOĞULLARI ORUÇ;8
;ADANA;CUMHURİYET HALK PARTİSİ;BURHANETTİN BULUT;9
;ADANA;ADALET VE KALKINMA PARTİSİ;ABDULLAH DOĞRU;10
;ADANA;CUMHURİYET HALK PARTİSİ;SADULLAH KISACIK;11
;ADANA;ADALET VE KALKINMA PARTİSİ;FARUK AYTEK;12
;ADANA;CUMHURİYET HALK PARTİSİ;AYHAN BARUT;13
;ADANA;MİLLİYETÇİ HAREKET PARTİSİ;AYŞE SİBEL ERSOY;14
;ADANA;İYİ PARTİ;BİLAL BİLİCİ;15
;ADIYAMAN;ADALET VE KALKINMA PARTİSİ;RESUL KURT;1
;ADIYAMAN;ADALET VE KALKINMA PARTİSİ;İSHAK ŞAN;2
;ADIYAMAN;CUMHURİYET HALK PARTİSİ;ABDURRAHMAN TUTDERE;3
;ADIYAMAN;ADALET VE KALKINMA PARTİSİ;MUSTAFA ALKAYIŞ;4
;ADIYAMAN;ADALET VE KALKINMA PARTİSİ;HÜSEYİN ÖZHAN;5
;AFYONKARAHİSAR;ADALET VE KALKINMA PARTİSİ;ALİ ÖZKAYA;1
;AFYONKARAHİSAR;ADALET VE KALKINMA PARTİSİ;İBRAHİM YURDUNUSEVEN;2
;AFYONKARAHİSAR;CUMHURİYET HALK PARTİSİ;BURCU KÖKSAL;3
;AFYONKARAHİSAR;MİLLİYETÇİ HAREKET PARTİSİ;MEHMET TAYTAK;4
;AFYONKARAHİSAR;ADALET VE KALKINMA PARTİSİ;HASAN ARSLAN;5
;AFYONKARAHİSAR;İYİ PARTİ;HAKAN ŞEREF OLGUN;6
;AĞRI;YEŞİLLER VE SOL GELECEK PARTİSİ;SIRRI SAKİK;1
;AĞRI;YEŞİLLER VE SOL GELECEK PARTİSİ;NEJLA DEMİR;2
;AĞRI;ADALET VE KALKINMA PARTİSİ;RUKEN KİLERCİ;3
;AĞRI;YEŞİLLER VE SOL GELECEK PARTİSİ;HEVAL BOZDAĞ;4
;AKSARAY;ADALET VE KALKINMA PARTİSİ;CENGİZ AYDOĞDU;1
;AKSARAY;İYİ PARTİ;TURAN YALDIR;2
;AKSARAY;ADALET VE KALKINMA PARTİSİ;HÜSEYİN ALTINSOY;3
;AKSARAY;MİLLİYETÇİ HAREKET PARTİSİ;RAMAZAN KAŞLI;4
;AMASYA;ADALET VE KALKINMA PARTİSİ;HALUK İPEK;1
;AMASYA;CUMHURİYET HALK PARTİSİ;REŞAT KARAGÖZ;2
;AMASYA;ADALET VE KALKINMA PARTİSİ;HASAN ÇİLEZ;3
;ANKARA-1;CUMHURİYET HALK PARTİSİ;GAMZE TAŞCIER;1
;ANKARA-1;ADALET VE KALKINMA PARTİSİ;YILDIRIM TUĞRUL TÜRKEŞ;2
;ANKARA-1;CUMHURİYET HALK PARTİSİ;DENİZ DEMİR;3
;ANKARA-1;CUMHURİYET HALK PARTİSİ;OKAN KONURALP;4
;ANKARA-1;İYİ PARTİ;KORAY AYDIN;5
;ANKARA-1;ADALET VE KALKINMA PARTİSİ;JÜLİDE SARIEROĞLU;6
;ANKARA-1;CUMHURİYET HALK PARTİSİ;SADULLAH ERGİN;7
;ANKARA-1;ADALET VE KALKINMA PARTİSİ;MURAT ALPARSLAN;8
;ANKARA-1;CUMHURİYET HALK PARTİSİ;MUSTAFA NEDİM YAMALI;9
;ANKARA-1;MİLLİYETÇİ HAREKET PARTİSİ;MEVLÜT KARAKAYA;10
;ANKARA-1;CUMHURİYET HALK PARTİSİ;ALİYE TİMİSİ ERSEVER;11
;ANKARA-1;İYİ PARTİ;AHMET EŞREF FAKIBABA;12
;ANKARA-1;ADALET VE KALKINMA PARTİSİ;ZEHRANUR AYDEMİR;13
;ANKARA-2;ADALET VE KALKINMA PARTİSİ;VEDAT BİLGİN;1
;ANKARA-2;ADALET VE KALKINMA PARTİSİ;LÜTFİYE SELVA ÇAM;2
;ANKARA-2;CUMHURİYET HALK PARTİSİ;MURAT EMİR;3
;ANKARA-2;ADALET VE KALKINMA PARTİSİ;ORHAN YEGİN;4
;ANKARA-2;MİLLİYETÇİ HAREKET PARTİSİ;SADİR DURMAZ;5
;ANKARA-2;İYİ PARTİ;ADNAN BEKER;6
;ANKARA-2;ADALET VE KALKINMA PARTİSİ;ZEYNEP YILDIZ;7
;ANKARA-2;CUMHURİYET HALK PARTİSİ;İDRİS ŞAHİN;8
;ANKARA-2;ADALET VE KALKINMA PARTİSİ;OSMAN GÖKÇEK;9
;ANKARA-2;ADALET VE KALKINMA PARTİSİ;KURTCAN ÇELEBİ;10
;ANKARA-2;CUMHURİYET HALK PARTİSİ;SEMRA DİNÇER;11
;ANKARA-3;ADALET VE KALKINMA PARTİSİ;FUAT OKTAY;1
;ANKARA-3;CUMHURİYET HALK PARTİSİ;TEKİN BİNGÖL;2
;ANKARA-3;ADALET VE KALKINMA PARTİSİ;LEYLA ŞAHİN USTA;3
;ANKARA-3;CUMHURİYET HALK PARTİSİ;UMUT AKDOĞAN;4
;ANKARA-3;İYİ PARTİ;YÜKSEL ARSLAN;5
;ANKARA-3;MİLLİYETÇİ HAREKET PARTİSİ;YAŞAR YILDIRIM;6
;ANKARA-3;ADALET VE KALKINMA PARTİSİ;ÖMER İLERİ;7
;ANKARA-3;CUMHURİYET HALK PARTİSİ;MESUT DOĞAN;8
;ANKARA-3;ADALET VE KALKINMA PARTİSİ;ASUMAN ERDOĞAN;9
;ANKARA-3;CUMHURİYET HALK PARTİSİ;AYLİN YAMAN;10
;ANKARA-3;İYİ PARTİ;KÜRŞAD ZORLU;11
;ANKARA-3;ADALET VE KALKINMA PARTİSİ;AHMET FETHAN BAYKOÇ;12
;ANTALYA;CUMHURİYET HALK PARTİSİ;SURURİ ÇORABATIR;1
;ANTALYA;ADALET VE KALKINMA PARTİSİ;MEVLÜT ÇAVUŞOĞLU;2
;ANTALYA;CUMHURİYET HALK PARTİSİ;CAVİT ARI;3
;ANTALYA;ADALET VE KALKINMA PARTİSİ;MUSTAFA KÖSE;4
;ANTALYA;İYİ PARTİ;UĞUR POYRAZ;5
;ANTALYA;CUMHURİYET HALK PARTİSİ;ALİYE COŞAR;6
;ANTALYA;MİLLİYETÇİ HAREKET PARTİSİ;ABDURRAHMAN BAŞKAN;7
;ANTALYA;ADALET VE KALKINMA PARTİSİ;TUBA VURAL ÇOKAL;8
;ANTALYA;CUMHURİYET HALK PARTİSİ;SERAP YAZICI ÖZBUDUN;9
;ANTALYA;ADALET VE KALKINMA PARTİSİ;KEMAL ÇELİK;10
;ANTALYA;CUMHURİYET HALK PARTİSİ;ŞERAFETTİN KILIÇ;11
;ANTALYA;ADALET VE KALKINMA PARTİSİ;ATAY USLU;12
;ANTALYA;İYİ PARTİ;AYKUT KAYA;13
;ANTALYA;CUMHURİYET HALK PARTİSİ;MUSTAFA ERDEM;14
;ANTALYA;MİLLİYETÇİ HAREKET PARTİSİ;HİLMİ DURGUN;15
;ANTALYA;YEŞİLLER VE SOL GELECEK PARTİSİ;HAKKI SARUHAN OLUÇ;16
;ANTALYA;ADALET VE KALKINMA PARTİSİ;İBRAHİM ETHEM TAŞ;17
;ARDAHAN;ADALET VE KALKINMA PARTİSİ;KAAN KOÇ;1
;ARDAHAN;CUMHURİYET HALK PARTİSİ;ÖZGÜR ERDEM İNCESU;2
;ARTVİN;ADALET VE KALKINMA PARTİSİ;FARUK ÇELİK;1
;ARTVİN;CUMHURİYET HALK PARTİSİ;UĞUR BAYRAKTUTAN;2
;AYDIN;CUMHURİYET HALK PARTİSİ;BÜLENT TEZCAN;1
;AYDIN;ADALET VE KALKINMA PARTİSİ;MUSTAFA SAVAŞ;2
;AYDIN;CUMHURİYET HALK PARTİSİ;HÜSEYİN YILDIZ;3
;AYDIN;ADALET VE KALKINMA PARTİSİ;SEDA SARIBAŞ;4
;AYDIN;İYİ PARTİ;ÖMER KARAKAŞ;5
;AYDIN;CUMHURİYET HALK PARTİSİ;SÜLEYMAN BÜLBÜL;6
;AYDIN;ADALET VE KALKINMA PARTİSİ;ÖMER ÖZMEN;7
;AYDIN;CUMHURİYET HALK PARTİSİ;EVRİM KARAKOZ;8
;BALIKESİR;ADALET VE KALKINMA PARTİSİ;İSMAİL OK;1
;BALIKESİR;CUMHURİYET HALK PARTİSİ;ENSAR AYTEKİN;2
;BALIKESİR;ADALET VE KALKINMA PARTİSİ;BELGİN UYGUR;3
;BALIKESİR;CUMHURİYET HALK PARTİSİ;SERKAN SARI;4
;BALIKESİR;İYİ PARTİ;TURHAN ÇÖMEZ;5
;BALIKESİR;ADALET VE KALKINMA PARTİSİ;MUSTAFA CANBEY;6
;BALIKESİR;CUMHURİYET HALK PARTİSİ;BURAK DALGIN;7
;BALIKESİR;ADALET VE KALKINMA PARTİSİ;ALİ TAYLAN ÖZTAYLAN;8
;BALIKESİR;MİLLİYETÇİ HAREKET PARTİSİ;EKREM GÖKAY YÜKSEL;9
;BARTIN;ADALET VE KALKINMA PARTİSİ;YUSUF ZİYA ALDATMAZ;1
;BARTIN;CUMHURİYET HALK PARTİSİ;AYSU BANKOĞLU;2
;BATMAN;YEŞİLLER VE SOL GELECEK PARTİSİ;KESKİN BAYINDIR;1
;BATMAN;ADALET VE KALKINMA PARTİSİ;FERHAT NASIROĞLU;2
;BATMAN;YEŞİLLER VE SOL GELECEK PARTİSİ;ZEYNEP ODUNCU;3
;BATMAN;YEŞİLLER VE SOL GELECEK PARTİSİ;MEHMET RÜŞTÜ TİRYAKİ;4
;BATMAN;ADALET VE KALKINMA PARTİSİ;SERKAN RAMANLI;5
;BAYBURT;ADALET VE KALKINMA PARTİSİ;ORHAN ATEŞ;1
;BİLECİK;ADALET VE KALKINMA PARTİSİ;HALİL ELDEMİR;1
;BİLECİK;CUMHURİYET HALK PARTİSİ;YAŞAR TÜZÜN;2
;BİNGÖL;ADALET VE KALKINMA PARTİSİ;FEYZİ BERDİBEK;1
;BİNGÖL;YEŞİLLER VE SOL GELECEK PARTİSİ;ÖMER FARUK HÜLAKÜ;2
;BİNGÖL;ADALET VE KALKINMA PARTİSİ;ZEKİ KORKUTATA;3
;BİTLİS;YEŞİLLER VE SOL GELECEK PARTİSİ;HÜSEYİN OLAN;1
;BİTLİS;ADALET VE KALKINMA PARTİSİ;TURAN BEDİRHANOĞLU;2
;BİTLİS;YEŞİLLER VE SOL GELECEK PARTİSİ;SEMRA ÇAĞLAR GÖKALP;3
;BOLU;ADALET VE KALKINMA PARTİSİ;YÜKSEL COŞKUNYÜREK;1
;BOLU;MİLLİYETÇİ HAREKET PARTİSİ;İSMAİL AKGÜL;2
;BOLU;CUMHURİYET HALK PARTİSİ;TÜRKER ATEŞ;3
;BURDUR;ADALET VE KALKINMA PARTİSİ;ADEM KORKMAZ;1
;BURDUR;CUMHURİYET HALK PARTİSİ;İZZET AKBULUT;2
;BURDUR;ADALET VE KALKINMA PARTİSİ;MUSTAFA OĞUZ;3
;BURSA-1;ADALET VE KALKINMA PARTİSİ;EFKAN ALA;1
;BURSA-1;CUMHURİYET HALK PARTİSİ;KAYIHAN PALA;2
;BURSA-1;ADALET VE KALKINMA PARTİSİ;REFİK ÖZEN;3
;BURSA-1;İYİ PARTİ;YÜKSEL SELÇUK TÜRKOĞLU;4
;BURSA-1;CUMHURİYET HALK PARTİSİ;NURHAYAT ALTACA KAYIŞOĞLU;5
;BURSA-1;ADALET VE KALKINMA PARTİSİ;AHMET KILIÇ;6
;BURSA-1;CUMHURİYET HALK PARTİSİ;MEHMET ATMACA;7
;BURSA-1;ADALET VE KALKINMA PARTİSİ;EMİNE YAVUZ GÖZGEÇ;8
;BURSA-1;MİLLİYETÇİ HAREKET PARTİSİ;İSMET BÜYÜKATAMAN;9
;BURSA-1;ADALET VE KALKINMA PARTİSİ;MUSTAFA YAVUZ;10
;BURSA-2;ADALET VE KALKINMA PARTİSİ;MUSTAFA VARANK;1
;BURSA-2;CUMHURİYET HALK PARTİSİ;HASAN ÖZTÜRK;2
;BURSA-2;ADALET VE KALKINMA PARTİSİ;AYHAN SALMAN;3
;BURSA-2;ADALET VE KALKINMA PARTİSİ;OSMAN MESTEN;4
;BURSA-2;CUMHURİYET HALK PARTİSİ;CEMALETTİN KANİ TORUN;5
;BURSA-2;ADALET VE KALKINMA PARTİSİ;EMEL GÖZÜKARA DURMAZ;6
;BURSA-2;İYİ PARTİ;HASAN TOKTAŞ;7
;BURSA-2;MİLLİYETÇİ HAREKET PARTİSİ;FEVZİ ZIRHLIOĞLU;8
;BURSA-2;ADALET VE KALKINMA PARTİSİ;MUHAMMET MÜFİT AYDIN;9
;BURSA-2;CUMHURİYET HALK PARTİSİ;ORHAN SARIBAL;10
;ÇANAKKALE;CUMHURİYET HALK PARTİSİ;İSMET GÜNEŞHAN;1
;ÇANAKKALE;ADALET VE KALKINMA PARTİSİ;AYHAN GİDER;2
;ÇANAKKALE;CUMHURİYET HALK PARTİSİ;ÖZGÜR CEYLAN;3
;ÇANAKKALE;İYİ PARTİ;RIDVAN UZ;4
;ÇANKIRI;ADALET VE KALKINMA PARTİSİ;MUHAMMET EMİN AKBAŞOĞLU;1
;ÇANKIRI;MİLLİYETÇİ HAREKET PARTİSİ;PELİN YILIK;2
;ÇORUM;ADALET VE KALKINMA PARTİSİ;YUSUF AHLATCI;1
;ÇORUM;CUMHURİYET HALK PARTİSİ;MEHMET TAHTASIZ;2
;ÇORUM;MİLLİYETÇİ HAREKET PARTİSİ;VAHİT KAYRICI;3
;ÇORUM;ADALET VE KALKINMA PARTİSİ;OĞUZHAN KAYA;4
;DENİZLİ;ADALET VE KALKINMA PARTİSİ;CAHİT ÖZKAN;1
;DENİZLİ;CUMHURİYET HALK PARTİSİ;GÜLİZAR BİÇER KARACA;2
;DENİZLİ;ADALET VE KALKINMA PARTİSİ;ŞAHİN TİN;3
;DENİZLİ;CUMHURİYET HALK PARTİSİ;ŞEREF ARPACI;4
;DENİZLİ;İYİ PARTİ;YASİN ÖZTÜRK;5
;DENİZLİ;ADALET VE KALKINMA PARTİSİ;NİLGÜN ÖK;6
;DENİZLİ;CUMHURİYET HALK PARTİSİ;SEMA SİLKİN ÜN;7
;DİYARBAKIR;YEŞİLLER VE SOL GELECEK PARTİSİ;BERDAN ÖZTÜRK;1
;DİYARBAKIR;YEŞİLLER VE SOL GELECEK PARTİSİ;HALİDE TÜRKOĞLU;2
;DİYARBAKIR;ADALET VE KALKINMA PARTİSİ;MEHMET GALİP ENSARİOĞLU;3
;DİYARBAKIR;YEŞİLLER VE SOL GELECEK PARTİSİ;OSMAN CENGİZ ÇANDAR;4
;DİYARBAKIR;YEŞİLLER VE SOL GELECEK PARTİSİ;ADALET KAYA;5
;DİYARBAKIR;YEŞİLLER VE SOL GELECEK PARTİSİ;SERHAT EREN;6
;DİYARBAKIR;ADALET VE KALKINMA PARTİSİ;MEHMET SAİT YAZ;7
;DİYARBAKIR;YEŞİLLER VE SOL GELECEK PARTİSİ;SEVİLAY ÇELENK ÖZEN;8
;DİYARBAKIR;YEŞİLLER VE SOL GELECEK PARTİSİ;MEHMET KAMAÇ;9
;DİYARBAKIR;CUMHURİYET HALK PARTİSİ;MUSTAFA SEZGİN TANRIKULU;10
;DİYARBAKIR;ADALET VE KALKINMA PARTİSİ;SUNA KEPOLU ATAMAN;11
;DİYARBAKIR;YEŞİLLER VE SOL GELECEK PARTİSİ;CEYLAN AKÇA CUPOLO;12
;DÜZCE;ADALET VE KALKINMA PARTİSİ;AYŞE KEŞİR;1
;DÜZCE;ADALET VE KALKINMA PARTİSİ;ERCAN ÖZTÜRK;2
;DÜZCE;CUMHURİYET HALK PARTİSİ;TALİH ÖZCAN;3
;EDİRNE;CUMHURİYET HALK PARTİSİ;EDİZ ÜN;1
;EDİRNE;ADALET VE KALKINMA PARTİSİ;FATMA AKSAL;2
;EDİRNE;İYİ PARTİ;MEHMET AKALIN;3
;EDİRNE;CUMHURİYET HALK PARTİSİ;AHMET BARAN YAZGAN;4
;ELAZIĞ;ADALET VE KALKINMA PARTİSİ;EROL KELEŞ;1
;ELAZIĞ;CUMHURİYET HALK PARTİSİ;GÜRSEL EROL;2
;ELAZIĞ;ADALET VE KALKINMA PARTİSİ;EJDER AÇIKKAPI;3
;ELAZIĞ;ADALET VE KALKINMA PARTİSİ;MAHMUT RIDVAN NAZIRLI;4
;ELAZIĞ;MİLLİYETÇİ HAREKET PARTİSİ;SEMİH IŞIKVER;5
;ERZİNCAN;ADALET VE KALKINMA PARTİSİ;SÜLEYMAN KARAMAN;1
;ERZİNCAN;CUMHURİYET HALK PARTİSİ;MUSTAFA SARIGÜL;2
;ERZURUM;ADALET VE KALKINMA PARTİSİ;SELAMİ ALTINOK;1
;ERZURUM;ADALET VE KALKINMA PARTİSİ;FATMA ÖNCÜ;2
;ERZURUM;MİLLİYETÇİ HAREKET PARTİSİ;KAMİL AYDIN;3
;ERZURUM;ADALET VE KALKINMA PARTİSİ;MEHMET EMİN ÖZ;4
;ERZURUM;ADALET VE KALKINMA PARTİSİ;ABDURRAHİM FIRAT;5
;ERZURUM;YEŞİLLER VE SOL GELECEK PARTİSİ;MERAL DANIŞ BEŞTAŞ;6
;ESKİŞEHİR;CUMHURİYET HALK PARTİSİ;UTKU ÇAKIRÖZER;1
;ESKİŞEHİR;ADALET VE KALKINMA PARTİSİ;FATİH DÖNMEZ;2
;ESKİŞEHİR;CUMHURİYET HALK PARTİSİ;JALE NUR SÜLLÜ;3
;ESKİŞEHİR;ADALET VE KALKINMA PARTİSİ;AYŞEN GÜRCAN;4
;ESKİŞEHİR;İYİ PARTİ;İDRİS NEBİ HATİPOĞLU;5
;ESKİŞEHİR;CUMHURİYET HALK PARTİSİ;İBRAHİM ARSLAN;6
;GAZİANTEP;ADALET VE KALKINMA PARTİSİ;ABDULHAMİT GÜL;1
;GAZİANTEP;ADALET VE KALKINMA PARTİSİ;MEHMET EYUP ÖZKEÇECİ;2
;GAZİANTEP;CUMHURİYET HALK PARTİSİ;HASAN ÖZTÜRKMEN;3
;GAZİANTEP;ADALET VE KALKINMA PARTİSİ;ALİ ŞAHİN;4
;GAZİANTEP;ADALET VE KALKINMA PARTİSİ;DERYA BAKBAK;5
;GAZİANTEP;CUMHURİYET HALK PARTİSİ;MELİH MERİÇ;6
;GAZİANTEP;MİLLİYETÇİ HAREKET PARTİSİ;SERMET ATAY;7
;GAZİANTEP;YEŞİLLER VE SOL GELECEK PARTİSİ;SEVDA KARACA DEMİR;8
;GAZİANTEP;ADALET VE KALKINMA PARTİSİ;MESUT BOZATLI;9
;GAZİANTEP;ADALET VE KALKINMA PARTİSİ;ŞAHZADE DEMİR;10
;GAZİANTEP;CUMHURİYET HALK PARTİSİ;ERTUĞRUL KAYA;11
;GAZİANTEP;ADALET VE KALKINMA PARTİSİ;İRFAN ÇELİKASLAN;12
;GAZİANTEP;ADALET VE KALKINMA PARTİSİ;BÜNYAMİN BOZGEYİK;13
;GAZİANTEP;İYİ PARTİ;MEHMET MUSTAFA GÜRBAN;14
;GİRESUN;ADALET VE KALKINMA PARTİSİ;NAZIM ELMAS;1
;GİRESUN;ADALET VE KALKINMA PARTİSİ;ALİ TEMÜR;2
;GİRESUN;CUMHURİYET HALK PARTİSİ;ELVAN IŞIK GEZMİŞ;3
;GİRESUN;MİLLİYETÇİ HAREKET PARTİSİ;ERTUĞRUL GAZİ KONAL;4
;GÜMÜŞHANE;ADALET VE KALKINMA PARTİSİ;CELALETTİN KÖSE;1
;GÜMÜŞHANE;MİLLİYETÇİ HAREKET PARTİSİ;MUSA KÜÇÜK;2
;HAKKARİ;YEŞİLLER VE SOL GELECEK PARTİSİ;VEZİR COŞKUN PARLAK;1
;HAKKARİ;YEŞİLLER VE SOL GELECEK PARTİSİ;ÖZNUR BARTİN;2
;HAKKARİ;YEŞİLLER VE SOL GELECEK PARTİSİ;ONUR DÜŞÜNMEZ;3
;HATAY;ADALET VE KALKINMA PARTİSİ;ADEM YEŞİLDAL;1
;HATAY;CUMHURİYET HALK PARTİSİ;MEHMET GÜZELMANSUR;2
;HATAY;ADALET VE KALKINMA PARTİSİ;ABDULKADİR ÖZEL;3
;HATAY;CUMHURİYET HALK PARTİSİ;NERMİN YILDIRIM KARA;4
;HATAY;MİLLİYETÇİ HAREKET PARTİSİ;LÜTFİ KAŞIKÇI;5
;HATAY;ADALET VE KALKINMA PARTİSİ;HÜSEYİN YAYMAN;6
;HATAY;CUMHURİYET HALK PARTİSİ;SERVET MULLAOĞLU;7
;HATAY;TÜRKİYE İŞÇİ PARTİSİ;ŞERAFETTİN CAN ATALAY;8
;HATAY;ADALET VE KALKINMA PARTİSİ;KEMAL KARAHAN;9
;HATAY;İYİ PARTİ;ADNAN ŞEFİK ÇİRKİN;10
;HATAY;CUMHURİYET HALK PARTİSİ;NECMETTİN ÇALIŞKAN;11
;IĞDIR;YEŞİLLER VE SOL GELECEK PARTİSİ;YILMAZ HUN;1
;IĞDIR;ADALET VE KALKINMA PARTİSİ;CANTÜRK ALAGÖZ;2
;ISPARTA;ADALET VE KALKINMA PARTİSİ;MEHMET UĞUR GÖKGÖZ;1
;ISPARTA;CUMHURİYET HALK PARTİSİ;HİKMET YALIM HALICI;2
;ISPARTA;MİLLİYETÇİ HAREKET PARTİSİ;HASAN BASRİ SÖNMEZ;3
;ISPARTA;ADALET VE KALKINMA PARTİSİ;OSMAN ZABUN;4
;İSTANBUL-1;ADALET VE KALKINMA PARTİSİ;MURAT KURUM;1
;İSTANBUL-1;CUMHURİYET HALK PARTİSİ;OĞUZ KAAN SALICI;2
;İSTANBUL-1;ADALET VE KALKINMA PARTİSİ;ERKAN KANDEMİR;3
;İSTANBUL-1;CUMHURİYET HALK PARTİSİ;GAMZE AKKUŞ İLGEZDİ;4
;İSTANBUL-1;ADALET VE KALKINMA PARTİSİ;HASAN TURAN;5
;İSTANBUL-1;CUMHURİYET HALK PARTİSİ;FETHİ AÇIKEL;6
;İSTANBUL-1;ADALET VE KALKINMA PARTİSİ;MÜŞERREF PERVİN TUBA DURGUT;7
;İSTANBUL-1;CUMHURİYET HALK PARTİSİ;GÖKHAN GÜNAYDIN;8
;İSTANBUL-1;İYİ PARTİ;NİMET ÖZDEMİR;9
;İSTANBUL-1;ADALET VE KALKINMA PARTİSİ;HULUSİ ŞENTÜRK;10
;İSTANBUL-1;YEŞİLLER VE SOL GELECEK PARTİSİ;SIRRI SÜREYYA ÖNDER;11
;İSTANBUL-1;CUMHURİYET HALK PARTİSİ;BİROL AYDIN;12
;İSTANBUL-1;MİLLİYETÇİ HAREKET PARTİSİ;EDİP SEMİH YALÇIN;13
;İSTANBUL-1;ADALET VE KALKINMA PARTİSİ;MUSTAFA HULKİ CEVİZOĞLU;14
;İSTANBUL-1;CUMHURİYET HALK PARTİSİ;AHMET ERSAGUN YÜCEL;15
;İSTANBUL-1;ADALET VE KALKINMA PARTİSİ;TUĞBA IŞIK ERCAN;16
;İSTANBUL-1;TÜRKİYE İŞÇİ PARTİSİ;SALİHA SERA KADIGİL;17
;İSTANBUL-1;CUMHURİYET HALK PARTİSİ;ELİF ESEN;18
;İSTANBUL-1;ADALET VE KALKINMA PARTİSİ;İSMAİL ERDEM;19
;İSTANBUL-1;CUMHURİYET HALK PARTİSİ;HASAN KARAL;20
;İSTANBUL-1;İYİ PARTİ;BURAK AKBURAK;21
;İSTANBUL-1;ADALET VE KALKINMA PARTİSİ;YAHYA ÇELİK;22
;İSTANBUL-1;CUMHURİYET HALK PARTİSİ;CEMAL ENGİNYURT;23
;İSTANBUL-1;ADALET VE KALKINMA PARTİSİ;BEHİYE EKER;24
;İSTANBUL-1;YEŞİLLER VE SOL GELECEK PARTİSİ;KEZİBAN KONUKCU KOK;25
;İSTANBUL-1;CUMHURİYET HALK PARTİSİ;SELİM TEMURCİ;26
;İSTANBUL-1;ADALET VE KALKINMA PARTİSİ;SERKAN BAYRAM;27
;İSTANBUL-1;MİLLİYETÇİ HAREKET PARTİSİ;İZZET ULVİ YÖNTER;28
;İSTANBUL-1;YENİDEN REFAH PARTİSİ;SUAT PAMUKÇU;29
;İSTANBUL-1;ADALET VE KALKINMA PARTİSİ;ÜMMÜGÜLŞEN ÖZTÜRK;30
;İSTANBUL-1;CUMHURİYET HALK PARTİSİ;ALİ GÖKÇEK;31
;İSTANBUL-1;ADALET VE KALKINMA PARTİSİ;AZMİ EKİNCİ;32
;İSTANBUL-1;CUMHURİYET HALK PARTİSİ;SUAT ÖZÇAĞDAŞ;33
;İSTANBUL-1;İYİ PARTİ;MUSTAFA CİHAN PAÇACI;34
;İSTANBUL-1;ADALET VE KALKINMA PARTİSİ;NURETTİN ALAN;35
;İSTANBUL-2;ADALET VE KALKINMA PARTİSİ;SÜLEYMAN SOYLU;1
;İSTANBUL-2;CUMHURİYET HALK PARTİSİ;NAMIK TAN;2
;İSTANBUL-2;ADALET VE KALKINMA PARTİSİ;HALİT YEREBAKAN;3
;İSTANBUL-2;CUMHURİYET HALK PARTİSİ;YUNUS EMRE;4
;İSTANBUL-2;ADALET VE KALKINMA PARTİSİ;RABİA İLHAN;5
;İSTANBUL-2;ADALET VE KALKINMA PARTİSİ;MEHMET ÖNDER AKSAKAL;6
;İSTANBUL-2;CUMHURİYET HALK PARTİSİ;GÖKAN ZEYBEK;7
;İSTANBUL-2;İYİ PARTİ;MEHMET SATUK BUĞRA KAVUNCU;8
;İSTANBUL-2;ADALET VE KALKINMA PARTİSİ;MUSTAFA DEMİR;9
;İSTANBUL-2;YEŞİLLER VE SOL GELECEK PARTİSİ;CENGİZ ÇİÇEK;10
;İSTANBUL-2;CUMHURİYET HALK PARTİSİ;KADRİ ENİS BERBEROĞLU;11
;İSTANBUL-2;ADALET VE KALKINMA PARTİSİ;İSMAİL EMRAH KARAYEL;12
;İSTANBUL-2;MİLLİYETÇİ HAREKET PARTİSİ;CELAL ADAN;13
;İSTANBUL-2;ADALET VE KALKINMA PARTİSİ;ZAFER SIRAKAYA;14
;İSTANBUL-2;CUMHURİYET HALK PARTİSİ;MUSTAFA KAYA;15
;İSTANBUL-2;ADALET VE KALKINMA PARTİSİ;BÜŞRA PAKER;16
;İSTANBUL-2;CUMHURİYET HALK PARTİSİ;YÜKSEL MANSUR KILINÇ;17
;İSTANBUL-2;İYİ PARTİ;MEHMET SELİM ENSARİOĞLU;18
;İSTANBUL-2;ADALET VE KALKINMA PARTİSİ;SEVAN SIVACIOĞLU;19
;İSTANBUL-2;ADALET VE KALKINMA PARTİSİ;DERYA AYAYDIN;20
;İSTANBUL-2;YENİDEN REFAH PARTİSİ;MUHAMMED ALİ FATİH ERBAKAN;21
;İSTANBUL-2;CUMHURİYET HALK PARTİSİ;İSA MESİH ŞAHİN;22
;İSTANBUL-2;YEŞİLLER VE SOL GELECEK PARTİSİ;ÖZGÜL SAKİ;23
;İSTANBUL-2;TÜRKİYE İŞÇİ PARTİSİ;AHMET ŞIK;24
;İSTANBUL-2;ADALET VE KALKINMA PARTİSİ;ADEM YILDIRIM;25
;İSTANBUL-2;CUMHURİYET HALK PARTİSİ;EVRİM RIZVANOĞLU;26
;İSTANBUL-2;ADALET VE KALKINMA PARTİSİ;SENA NUR ÇELİK;27
;İSTANBUL-3;ADALET VE KALKINMA PARTİSİ;NUMAN KURTULMUŞ;1
;İSTANBUL-3;CUMHURİYET HALK PARTİSİ;ENGİN ALTAY;2
;İSTANBUL-3;ADALET VE KALKINMA PARTİSİ;ÖZLEM ZENGİN;3
;İSTANBUL-3;CUMHURİYET HALK PARTİSİ;ERDOĞAN TOPRAK;4
;İSTANBUL-3;ADALET VE KALKINMA PARTİSİ;CÜNEYT YÜKSEL;5
;İSTANBUL-3;YEŞİLLER VE SOL GELECEK PARTİSİ;ÇİĞDEM KILIÇGÜN UÇAR;6
;İSTANBUL-3;ADALET VE KALKINMA PARTİSİ;ZEKERİYA YAPICIOĞLU;7
;İSTANBUL-3;CUMHURİYET HALK PARTİSİ;TÜRKAN ELÇİ;8
;İSTANBUL-3;İYİ PARTİ;ERSİN BEYAZ;9
;İSTANBUL-3;ADALET VE KALKINMA PARTİSİ;HALİS DALKILIÇ;10
;İSTANBUL-3;MİLLİYETÇİ HAREKET PARTİSİ;FETİ YILDIZ;11
;İSTANBUL-3;CUMHURİYET HALK PARTİSİ;İLHAN KESİCİ;12
;İSTANBUL-3;ADALET VE KALKINMA PARTİSİ;RÜMEYSA KADAK;13
;İSTANBUL-3;YEŞİLLER VE SOL GELECEK PARTİSİ;İSKENDER BAYHAN;14
;İSTANBUL-3;CUMHURİYET HALK PARTİSİ;ZEYNEL EMRE;15
;İSTANBUL-3;ADALET VE KALKINMA PARTİSİ;OĞUZ ÜÇÜNCÜ;16
;İSTANBUL-3;ADALET VE KALKINMA PARTİSİ;BAYRAM ŞENOCAK;17
;İSTANBUL-3;CUMHURİYET HALK PARTİSİ;MUSTAFA YENEROĞLU;18
;İSTANBUL-3;İYİ PARTİ;SEYİTHAN İZSİZ;19
;İSTANBUL-3;ADALET VE KALKINMA PARTİSİ;ŞAMİL AYRIM;20
;İSTANBUL-3;CUMHURİYET HALK PARTİSİ;BÜLENT KAYA;21
;İSTANBUL-3;TÜRKİYE İŞÇİ PARTİSİ;ERKAN BAŞ;22
;İSTANBUL-3;ADALET VE KALKINMA PARTİSİ;SEDA GÖREN BÖLÜK;23
;İSTANBUL-3;YEŞİLLER VE SOL GELECEK PARTİSİ;ÇİÇEK OTLU;24
;İSTANBUL-3;MİLLİYETÇİ HAREKET PARTİSİ;İSMAİL FARUK AKSU;25
;İSTANBUL-3;CUMHURİYET HALK PARTİSİ;DOĞAN DEMİR;26
;İSTANBUL-3;ADALET VE KALKINMA PARTİSİ;NİLHAN AYAN;27
;İSTANBUL-3;YENİDEN REFAH PARTİSİ;DOĞAN BEKİN;28
;İSTANBUL-3;ADALET VE KALKINMA PARTİSİ;YILDIZ KONAL SÜSLÜ;29
;İSTANBUL-3;CUMHURİYET HALK PARTİSİ;ÖZGÜR KARABAT;30
;İSTANBUL-3;ADALET VE KALKINMA PARTİSİ;ŞENGÜL KARSLI;31
;İSTANBUL-3;İYİ PARTİ;AYŞE SİBEL YANIKÖMEROĞLU;32
;İSTANBUL-3;YEŞİLLER VE SOL GELECEK PARTİSİ;CELAL FIRAT;33
;İSTANBUL-3;CUMHURİYET HALK PARTİSİ;MEDENİ YILMAZ;34
;İSTANBUL-3;ADALET VE KALKINMA PARTİSİ;YÜCEL ARZEN HACIOĞULLARI;35
;İSTANBUL-3;CUMHURİYET HALK PARTİSİ;TURAN TAŞKIN ÖZER;36
;İZMİR-1;CUMHURİYET HALK PARTİSİ;YÜKSEL TAŞKIN;1
;İZMİR-1;ADALET VE KALKINMA PARTİSİ;MEHMET MUHARREM KASAPOĞLU;2
;İZMİR-1;CUMHURİYET HALK PARTİSİ;AHMET TUNCAY ÖZKAN;3
;İZMİR-1;CUMHURİYET HALK PARTİSİ;SEVDA ERDAN KILIÇ;4
;İZMİR-1;ADALET VE KALKINMA PARTİSİ;MAHMUT ATİLLA KAYA;5
;İZMİR-1;İYİ PARTİ;DURSUN MÜSAVAT DERVİŞOĞLU;6
;İZMİR-1;CUMHURİYET HALK PARTİSİ;MURAT BAKAN;7
;İZMİR-1;YEŞİLLER VE SOL GELECEK PARTİSİ;BURCUGÜL ÇUBUK;8
;İZMİR-1;ADALET VE KALKINMA PARTİSİ;ŞEBNEM BURSALI;9
;İZMİR-1;CUMHURİYET HALK PARTİSİ;EDNAN ARSLAN;10
;İZMİR-1;CUMHURİYET HALK PARTİSİ;SEDA KÂYA ÖSEN;11
;İZMİR-1;ADALET VE KALKINMA PARTİSİ;MEHMET ALİ ÇELEBİ;12
;İZMİR-1;CUMHURİYET HALK PARTİSİ;HAYDAR ALTINTAŞ;13
;İZMİR-1;İYİ PARTİ;ÜMİT ÖZLALE;14
;İZMİR-2;CUMHURİYET HALK PARTİSİ;GÖKÇE GÖKÇEN;1
;İZMİR-2;ADALET VE KALKINMA PARTİSİ;EYYÜP KADİR İNAN;2
;İZMİR-2;CUMHURİYET HALK PARTİSİ;RIFAT TURUNTAY NALBANTOĞLU;3
;İZMİR-2;CUMHURİYET HALK PARTİSİ;RAHMİ AŞKIN TÜRELİ;4
;İZMİR-2;ADALET VE KALKINMA PARTİSİ;FEHMİ ALPAY ÖZALAN;5
;İZMİR-2;İYİ PARTİ;HÜSMEN KIRKPINAR;6
;İZMİR-2;CUMHURİYET HALK PARTİSİ;MAHİR POLAT;7
;İZMİR-2;ADALET VE KALKINMA PARTİSİ;CEYDA BÖLÜNMEZ ÇANKIRI;8
;İZMİR-2;CUMHURİYET HALK PARTİSİ;MEHMET SALİH UZUN;9
;İZMİR-2;CUMHURİYET HALK PARTİSİ;DENİZ YÜCEL;10
;İZMİR-2;ADALET VE KALKINMA PARTİSİ;YAŞAR KIRKPINAR;11
;İZMİR-2;YEŞİLLER VE SOL GELECEK PARTİSİ;İBRAHİM AKIN;12
;İZMİR-2;MİLLİYETÇİ HAREKET PARTİSİ;TAMER OSMANAĞAOĞLU;13
;İZMİR-2;CUMHURİYET HALK PARTİSİ;MUSTAFA BİLİCİ;14
;KAHRAMANMARAŞ;ADALET VE KALKINMA PARTİSİ;VAHİT KİRİŞCİ;1
;KAHRAMANMARAŞ;ADALET VE KALKINMA PARTİSİ;ÖMER ORUÇ BİLAL DEBGİCİ;2
;KAHRAMANMARAŞ;CUMHURİYET HALK PARTİSİ;ALİ ÖZTUNÇ;3
;KAHRAMANMARAŞ;MİLLİYETÇİ HAREKET PARTİSİ;ZUHAL KARAKOÇ DORA;4
;KAHRAMANMARAŞ;ADALET VE KALKINMA PARTİSİ;MEVLÜT KURT;5
;KAHRAMANMARAŞ;ADALET VE KALKINMA PARTİSİ;TUBA KÖKSAL;6
;KAHRAMANMARAŞ;ADALET VE KALKINMA PARTİSİ;MEHMET ŞAHİN;7
;KAHRAMANMARAŞ;CUMHURİYET HALK PARTİSİ;İRFAN KARATUTLU;8
;KARABÜK;ADALET VE KALKINMA PARTİSİ;CEM ŞAHİN;1
;KARABÜK;CUMHURİYET HALK PARTİSİ;CEVDET AKAY;2
;KARABÜK;ADALET VE KALKINMA PARTİSİ;DURMUŞ ALİ KESKİNKILIÇ;3
;KARAMAN;ADALET VE KALKINMA PARTİSİ;SELMAN OĞUZHAN ESER;1
;KARAMAN;ADALET VE KALKINMA PARTİSİ;OSMAN SAĞLAM;2
;KARAMAN;CUMHURİYET HALK PARTİSİ;İSMAİL ATAKAN ÜNVER;3
;KARS;YEŞİLLER VE SOL GELECEK PARTİSİ;GÜLÜSTAN KILIÇ KOÇYİĞİT;1
;KARS;ADALET VE KALKINMA PARTİSİ;ADEM ÇALKIN;2
;KARS;CUMHURİYET HALK PARTİSİ;İNAN AKGÜN ALP;3
;KASTAMONU;ADALET VE KALKINMA PARTİSİ;HALİL ULUAY;1
;KASTAMONU;ADALET VE KALKINMA PARTİSİ;FATMA SERAP EKMEKCİ;2
;KASTAMONU;CUMHURİYET HALK PARTİSİ;HASAN BALTACI;3
;KAYSERİ;ADALET VE KALKINMA PARTİSİ;HULUSİ AKAR;1
;KAYSERİ;ADALET VE KALKINMA PARTİSİ;AYŞE BÖHÜRLER;2
;KAYSERİ;MİLLİYETÇİ HAREKET PARTİSİ;İSMAİL ÖZDEMİR;3
;KAYSERİ;CUMHURİYET HALK PARTİSİ;AŞKIN GENÇ;4
;KAYSERİ;ADALET VE KALKINMA PARTİSİ;ŞABAN ÇOPUROĞLU;5
;KAYSERİ;ADALET VE KALKINMA PARTİSİ;MURAT CAHİD CINGI;6
;KAYSERİ;İYİ PARTİ;DURSUN ATAŞ;7
;KAYSERİ;MİLLİYETÇİ HAREKET PARTİSİ;MUSTAFA BAKİ ERSOY;8
;KAYSERİ;CUMHURİYET HALK PARTİSİ;MAHMUT ARIKAN;9
;KAYSERİ;ADALET VE KALKINMA PARTİSİ;SAYIN BAYAR ÖZSOY;10
;KIRIKKALE;ADALET VE KALKINMA PARTİSİ;MUSTAFA KAPLAN;1
;KIRIKKALE;CUMHURİYET HALK PARTİSİ;AHMET ÖNAL;2
;KIRIKKALE;MİLLİYETÇİ HAREKET PARTİSİ;HALİL ÖZTÜRK;3
;KIRKLARELİ;CUMHURİYET HALK PARTİSİ;VECDİ GÜNDOĞDU;1
;KIRKLARELİ;ADALET VE KALKINMA PARTİSİ;AHMET GÖKHAN SARIÇAM;2
;KIRKLARELİ;CUMHURİYET HALK PARTİSİ;FAHRİ ÖZKAN;3
;KIRŞEHİR;ADALET VE KALKINMA PARTİSİ;NECMETTİN ERKAN;1
;KIRŞEHİR;CUMHURİYET HALK PARTİSİ;METİN İLHAN;2
;KİLİS;ADALET VE KALKINMA PARTİSİ;AHMET SALİH DAL;1
;KİLİS;MİLLİYETÇİ HAREKET PARTİSİ;MUSTAFA DEMİR;2
;KOCAELİ;ADALET VE KALKINMA PARTİSİ;SADETTİN HÜLAGÜ;1
;KOCAELİ;CUMHURİYET HALK PARTİSİ;MÜHİP KANKO;2
;KOCAELİ;ADALET VE KALKINMA PARTİSİ;RADİYE SEZER KATIRCIOĞLU;3
;KOCAELİ;ADALET VE KALKINMA PARTİSİ;VEYSAL TİPİOĞLU;4
;KOCAELİ;CUMHURİYET HALK PARTİSİ;HARUN ÖZGÜR YILDIZLI;5
;KOCAELİ;ADALET VE KALKINMA PARTİSİ;MEHMET AKİF YILMAZ;6
;KOCAELİ;İYİ PARTİ;LÜTFÜ TÜRKKAN;7
;KOCAELİ;MİLLİYETÇİ HAREKET PARTİSİ;SAFFET SANCAKLI;8
;KOCAELİ;CUMHURİYET HALK PARTİSİ;HASAN BİTMEZ;9
;KOCAELİ;ADALET VE KALKINMA PARTİSİ;CEMİL YAMAN;10
;KOCAELİ;ADALET VE KALKINMA PARTİSİ;SAMİ ÇAKIR;11
;KOCAELİ;CUMHURİYET HALK PARTİSİ;NAİL ÇİLER;12
;KOCAELİ;YEŞİLLER VE SOL GELECEK PARTİSİ;ÖMER FARUK GERGERLİOĞLU;13
;KOCAELİ;YENİDEN REFAH PARTİSİ;MEHMET AŞILA;14
;KONYA;ADALET VE KALKINMA PARTİSİ;TAHİR AKYÜREK;1
;KONYA;ADALET VE KALKINMA PARTİSİ;ORHAN ERDEM;2
;KONYA;ADALET VE KALKINMA PARTİSİ;SELMAN ÖZBOYACI;3
;KONYA;MİLLİYETÇİ HAREKET PARTİSİ;MUSTAFA KALAYCI;4
;KONYA;CUMHURİYET HALK PARTİSİ;BARIŞ BEKTAŞ;5
;KONYA;ADALET VE KALKINMA PARTİSİ;MERYEM GÖKA;6
;KONYA;ADALET VE KALKINMA PARTİSİ;ABDULLAH AĞRALI;7
;KONYA;İYİ PARTİ;ÜNAL KARAMAN;8
;KONYA;ADALET VE KALKINMA PARTİSİ;MEHMET BAYKAN;9
;KONYA;MİLLİYETÇİ HAREKET PARTİSİ;KONUR ALP KOÇAK;10
;KONYA;ADALET VE KALKINMA PARTİSİ;ZİYA ALTUNYALDIZ;11
;KONYA;CUMHURİYET HALK PARTİSİ;HASAN EKİCİ;12
;KONYA;ADALET VE KALKINMA PARTİSİ;LATİF SELVİ;13
;KONYA;ADALET VE KALKINMA PARTİSİ;MUSTAFA HAKAN ÖZER;14
;KONYA;YENİDEN REFAH PARTİSİ;ALİ YÜKSEL;15
;KÜTAHYA;ADALET VE KALKINMA PARTİSİ;ADİL BİÇER;1
;KÜTAHYA;ADALET VE KALKINMA PARTİSİ;İSMAİL ÇAĞLAR BAYIRCI;2
;KÜTAHYA;CUMHURİYET HALK PARTİSİ;ALİ FAZIL KASAP;3
;KÜTAHYA;ADALET VE KALKINMA PARTİSİ;MEHMET DEMİR;4
;KÜTAHYA;MİLLİYETÇİ HAREKET PARTİSİ;AHMET ERBAŞ;5
;MALATYA;ADALET VE KALKINMA PARTİSİ;BÜLENT TÜFENKCİ;1
;MALATYA;ADALET VE KALKINMA PARTİSİ;İHSAN KOCA;2
;MALATYA;CUMHURİYET HALK PARTİSİ;VELİ AĞBABA;3
;MALATYA;ADALET VE KALKINMA PARTİSİ;İNANÇ SİRAÇ KARA ÖLMEZTOPRAK;4
;MALATYA;MİLLİYETÇİ HAREKET PARTİSİ;MEHMET CELAL FENDOĞLU;5
;MALATYA;ADALET VE KALKINMA PARTİSİ;ABDURRAHMAN BABACAN;6
;MANİSA;ADALET VE KALKINMA PARTİSİ;BAHADIR NAHİT YENİŞEHİRLİOĞLU;1
;MANİSA;CUMHURİYET HALK PARTİSİ;ÖZGÜR ÖZEL;2
;MANİSA;ADALET VE KALKINMA PARTİSİ;MURAT BAYBATUR;3
;MANİSA;CUMHURİYET HALK PARTİSİ;AHMET VEHBİ BAKIRLIOĞLU;4
;MANİSA;MİLLİYETÇİ HAREKET PARTİSİ;ERKAN AKÇAY;5
;MANİSA;İYİ PARTİ;ŞENOL SUNAT;6
;MANİSA;ADALET VE KALKINMA PARTİSİ;TAMER AKKAL;7
;MANİSA;CUMHURİYET HALK PARTİSİ;BEKİR BAŞEVİRGEN;8
;MANİSA;ADALET VE KALKINMA PARTİSİ;AHMET MÜCAHİT ARINÇ;9
;MANİSA;CUMHURİYET HALK PARTİSİ;SELMA ALİYE KAVAF;10
;MARDİN;YEŞİLLER VE SOL GELECEK PARTİSİ;SALİHE AYDENİZ;1
;MARDİN;YEŞİLLER VE SOL GELECEK PARTİSİ;KAMURAN TANHAN;2
;MARDİN;ADALET VE KALKINMA PARTİSİ;FARUK KILIÇ;3
;MARDİN;YEŞİLLER VE SOL GELECEK PARTİSİ;BERİTAN GÜNEŞ ALTIN;4
;MARDİN;YEŞİLLER VE SOL GELECEK PARTİSİ;GEORGE ASLAN;5
;MARDİN;ADALET VE KALKINMA PARTİSİ;MUHAMMED ADAK;6
;MERSİN;CUMHURİYET HALK PARTİSİ;ALİ MAHİR BAŞARIR;1
;MERSİN;ADALET VE KALKINMA PARTİSİ;NUREDDİN NEBATİ;2
;MERSİN;CUMHURİYET HALK PARTİSİ;GÜLCAN KIŞ;3
;MERSİN;YEŞİLLER VE SOL GELECEK PARTİSİ;ALİ BOZAN;4
;MERSİN;ADALET VE KALKINMA PARTİSİ;ALİ KIRATLI;5
;MERSİN;MİLLİYETÇİ HAREKET PARTİSİ;LEVENT UYSAL;6
;MERSİN;İYİ PARTİ;BURHANETTİN KOCAMAZ;7
;MERSİN;CUMHURİYET HALK PARTİSİ;MEHMET EMİN EKMEN;8
;MERSİN;ADALET VE KALKINMA PARTİSİ;HAVVA SİBEL SÖYLEMEZ;9
;MERSİN;CUMHURİYET HALK PARTİSİ;TALAT DİNÇER;10
;MERSİN;YEŞİLLER VE SOL GELECEK PARTİSİ;PERİHAN KOCA;11
;MERSİN;ADALET VE KALKINMA PARTİSİ;FARUK DİNÇ;12
;MERSİN;CUMHURİYET HALK PARTİSİ;HASAN UFUK ÇAKIR;13
;MUĞLA;CUMHURİYET HALK PARTİSİ;CUMHUR UZUN;1
;MUĞLA;ADALET VE KALKINMA PARTİSİ;KADEM METE;2
;MUĞLA;CUMHURİYET HALK PARTİSİ;GİZEM ÖZCAN;3
;MUĞLA;İYİ PARTİ;METİN ERGUN;4
;MUĞLA;CUMHURİYET HALK PARTİSİ;SÜREYYA ÖNEŞ DERİCİ;5
;MUĞLA;ADALET VE KALKINMA PARTİSİ;YAKUP OTGÖZ;6
;MUĞLA;CUMHURİYET HALK PARTİSİ;SELÇUK ÖZDAĞ;7
;MUŞ;YEŞİLLER VE SOL GELECEK PARTİSİ;SEZAİ TEMELLİ;1
;MUŞ;YEŞİLLER VE SOL GELECEK PARTİSİ;SÜMEYYE BOZ;2
;MUŞ;ADALET VE KALKINMA PARTİSİ;MEHMET EMİN ŞİMŞEK;3
;NEVŞEHİR;ADALET VE KALKINMA PARTİSİ;SÜLEYMAN ÖZGÜN;1
;NEVŞEHİR;MİLLİYETÇİ HAREKET PARTİSİ;FİLİZ KILIÇ;2
;NEVŞEHİR;ADALET VE KALKINMA PARTİSİ;EMRE ÇALIŞKAN;3
;NİĞDE;ADALET VE KALKINMA PARTİSİ;CEVAHİR UZKURT;1
;NİĞDE;CUMHURİYET HALK PARTİSİ;ÖMER FETHİ GÜRER;2
;NİĞDE;MİLLİYETÇİ HAREKET PARTİSİ;CUMALİ İNCE;3
;ORDU;ADALET VE KALKINMA PARTİSİ;MAHMUT ÖZER;1
;ORDU;CUMHURİYET HALK PARTİSİ;SEYİT TORUN;2
;ORDU;ADALET VE KALKINMA PARTİSİ;İBRAHİM UFUK KAYNAK;3
;ORDU;ADALET VE KALKINMA PARTİSİ;MUSTAFA HAMARAT;4
;ORDU;MİLLİYETÇİ HAREKET PARTİSİ;NACİ ŞANLITÜRK;5
;ORDU;CUMHURİYET HALK PARTİSİ;MUSTAFA ADIGÜZEL;6
;OSMANİYE;ADALET VE KALKINMA PARTİSİ;DERYA YANIK;1
;OSMANİYE;MİLLİYETÇİ HAREKET PARTİSİ;DEVLET BAHÇELİ;2
;OSMANİYE;CUMHURİYET HALK PARTİSİ;ASU KAYA;3
;OSMANİYE;ADALET VE KALKINMA PARTİSİ;SEYDİ GÜLSOY;4
;RİZE;ADALET VE KALKINMA PARTİSİ;MUHAMMED AVCI;1
;RİZE;ADALET VE KALKINMA PARTİSİ;HARUN MERTOĞLU;2
;RİZE;CUMHURİYET HALK PARTİSİ;TAHSİN OCAKLI;3
;SAKARYA;ADALET VE KALKINMA PARTİSİ;LÜTFİ BAYRAKTAR;1
;SAKARYA;ADALET VE KALKINMA PARTİSİ;ÇİĞDEM ERDOĞAN ATABEK;2
;SAKARYA;CUMHURİYET HALK PARTİSİ;AYÇA TAŞKENT;3
;SAKARYA;ADALET VE KALKINMA PARTİSİ;ALİ İNCİ;4
;SAKARYA;MİLLİYETÇİ HAREKET PARTİSİ;MUHAMMED LEVENT BÜLBÜL;5
;SAKARYA;ADALET VE KALKINMA PARTİSİ;ERTUĞRUL KOCACIK;6
;SAKARYA;İYİ PARTİ;ÜMİT DİKBAYIR;7
;SAKARYA;ADALET VE KALKINMA PARTİSİ;MURAT KAYA;8
;SAMSUN;ADALET VE KALKINMA PARTİSİ;MEHMET MUŞ;1
;SAMSUN;ADALET VE KALKINMA PARTİSİ;ÇİĞDEM KARAASLAN;2
;SAMSUN;CUMHURİYET HALK PARTİSİ;MURAT ÇAN;3
;SAMSUN;MİLLİYETÇİ HAREKET PARTİSİ;İLYAS TOPSAKAL;4
;SAMSUN;ADALET VE KALKINMA PARTİSİ;YUSUF ZİYA YILMAZ;5
;SAMSUN;İYİ PARTİ;ERHAN USTA;6
;SAMSUN;ADALET VE KALKINMA PARTİSİ;ORHAN KIRCALI;7
;SAMSUN;CUMHURİYET HALK PARTİSİ;MEHMET KARAMAN;8
;SAMSUN;ADALET VE KALKINMA PARTİSİ;ERSAN AKSU;9
;SİİRT;YEŞİLLER VE SOL GELECEK PARTİSİ;TUNCER BAKIRHAN;1
;SİİRT;ADALET VE KALKINMA PARTİSİ;MERVAN GÜL;2
;SİİRT;YEŞİLLER VE SOL GELECEK PARTİSİ;SABAHAT ERDOĞAN SARITAŞ;3
;SİNOP;ADALET VE KALKINMA PARTİSİ;NAZIM MAVİŞ;1
;SİNOP;CUMHURİYET HALK PARTİSİ;BARIŞ KARADENİZ;2
;SİVAS;ADALET VE KALKINMA PARTİSİ;ABDULLAH GÜLER;1
;SİVAS;ADALET VE KALKINMA PARTİSİ;HAKAN AKSU;2
;SİVAS;MİLLİYETÇİ HAREKET PARTİSİ;AHMET ÖZYÜREK;3
;SİVAS;CUMHURİYET HALK PARTİSİ;ULAŞ KARASU;4
;SİVAS;ADALET VE KALKINMA PARTİSİ;RUKİYE TOY;5
;ŞANLIURFA;ADALET VE KALKINMA PARTİSİ;BEKİR BOZDAĞ;1
;ŞANLIURFA;YEŞİLLER VE SOL GELECEK PARTİSİ;MİTHAT SANCAR;2
;ŞANLIURFA;ADALET VE KALKINMA PARTİSİ;ABDULKADİR EMİN ÖNEN;3
;ŞANLIURFA;ADALET VE KALKINMA PARTİSİ;ABDÜRRAHİM DUSAK;4
;ŞANLIURFA;YEŞİLLER VE SOL GELECEK PARTİSİ;ÖMER ÖCALAN;5
;ŞANLIURFA;ADALET VE KALKINMA PARTİSİ;MEHMET ALİ CEVHERİ;6
;ŞANLIURFA;MİLLİYETÇİ HAREKET PARTİSİ;İBRAHİM ÖZYAVUZ;7
;ŞANLIURFA;ADALET VE KALKINMA PARTİSİ;CEVAHİR ASUMAN YAZMACI;8
;ŞANLIURFA;YEŞİLLER VE SOL GELECEK PARTİSİ;DİLAN KUNT AYAN;9
;ŞANLIURFA;CUMHURİYET HALK PARTİSİ;MAHMUT TANAL;10
;ŞANLIURFA;ADALET VE KALKINMA PARTİSİ;İBRAHİM EYYÜPOĞLU;11
;ŞANLIURFA;YEŞİLLER VE SOL GELECEK PARTİSİ;FERİT ŞENYAŞAR;12
;ŞANLIURFA;ADALET VE KALKINMA PARTİSİ;HİKMET BAŞAK;13
;ŞANLIURFA;ADALET VE KALKINMA PARTİSİ;MEHMET FARUK PINARBAŞI;14
;ŞIRNAK;YEŞİLLER VE SOL GELECEK PARTİSİ;NEVROZ UYSAL ASLAN;1
;ŞIRNAK;YEŞİLLER VE SOL GELECEK PARTİSİ;MEHMET ZEKİ İRMEZ;2
;ŞIRNAK;ADALET VE KALKINMA PARTİSİ;ARSLAN TATAR;3
;ŞIRNAK;YEŞİLLER VE SOL GELECEK PARTİSİ;AYŞEGÜL DOĞAN DAĞLI;4
;TEKİRDAĞ;CUMHURİYET HALK PARTİSİ;FAİK ÖZTRAK;1
;TEKİRDAĞ;ADALET VE KALKINMA PARTİSİ;MESTAN ÖZCAN;2
;TEKİRDAĞ;CUMHURİYET HALK PARTİSİ;İLHAMİ ÖZCAN AYGUN;3
;TEKİRDAĞ;ADALET VE KALKINMA PARTİSİ;GÖKHAN DİKTAŞ;4
;TEKİRDAĞ;CUMHURİYET HALK PARTİSİ;CEM AVŞAR;5
;TEKİRDAĞ;İYİ PARTİ;SELCAN HAMŞIOĞLU;6
;TEKİRDAĞ;ADALET VE KALKINMA PARTİSİ;ÇİĞDEM KONCAGÜL;7
;TEKİRDAĞ;CUMHURİYET HALK PARTİSİ;NURTEN YONTAR;8
;TOKAT;ADALET VE KALKINMA PARTİSİ;YUSUF BEYAZIT;1
;TOKAT;MİLLİYETÇİ HAREKET PARTİSİ;YÜCEL BULUT;2
;TOKAT;CUMHURİYET HALK PARTİSİ;KADİM DURMAZ;3
;TOKAT;ADALET VE KALKINMA PARTİSİ;MUSTAFA ARSLAN;4
;TOKAT;ADALET VE KALKINMA PARTİSİ;CÜNEYT ALDEMİR;5
;TRABZON;ADALET VE KALKINMA PARTİSİ;ADİL KARAİSMAİLOĞLU;1
;TRABZON;ADALET VE KALKINMA PARTİSİ;MUSTAFA ŞEN;2
;TRABZON;CUMHURİYET HALK PARTİSİ;SİBEL SUİÇMEZ;3
;TRABZON;ADALET VE KALKINMA PARTİSİ;YILMAZ BÜYÜKAYDIN;4
;TRABZON;İYİ PARTİ;YAVUZ AYDIN;5
;TRABZON;ADALET VE KALKINMA PARTİSİ;VEHBİ KOÇ;6
;TUNCELİ;YEŞİLLER VE SOL GELECEK PARTİSİ;AYTEN KORDU;1
;UŞAK;ADALET VE KALKINMA PARTİSİ;İSMAİL GÜNEŞ;1
;UŞAK;CUMHURİYET HALK PARTİSİ;ALİ KARAOBA;2
;UŞAK;ADALET VE KALKINMA PARTİSİ;FAHRETTİN TUĞRUL;3
;VAN;YEŞİLLER VE SOL GELECEK PARTİSİ;PERVİN BULDAN;1
;VAN;YEŞİLLER VE SOL GELECEK PARTİSİ;ZÜLKÜF UÇAR;2
;VAN;ADALET VE KALKINMA PARTİSİ;BURHAN KAYATÜRK;3
;VAN;YEŞİLLER VE SOL GELECEK PARTİSİ;GÜLCAN KAÇMAZ SAYYİĞİT;4
;VAN;YEŞİLLER VE SOL GELECEK PARTİSİ;SİNAN ÇİFTYÜREK;5
;VAN;ADALET VE KALKINMA PARTİSİ;KAYHAN TÜRKMENOĞLU;6
;VAN;YEŞİLLER VE SOL GELECEK PARTİSİ;GÜLDEREN VARLİ;7
;VAN;YEŞİLLER VE SOL GELECEK PARTİSİ;MAHMUT DİNDAR;8
;YALOVA;ADALET VE KALKINMA PARTİSİ;AHMET BÜYÜKGÜMÜŞ;1
;YALOVA;CUMHURİYET HALK PARTİSİ;TAHSİN BECAN;2
;YALOVA;ADALET VE KALKINMA PARTİSİ;MELİHA AKYOL;3
;YOZGAT;ADALET VE KALKINMA PARTİSİ;ABDULKADİR AKGÜL;1
;YOZGAT;MİLLİYETÇİ HAREKET PARTİSİ;İBRAHİM ETHEM SEDEF;2
;YOZGAT;İYİ PARTİ;LÜTFULLAH KAYALAR;3
;YOZGAT;ADALET VE KALKINMA PARTİSİ;SÜLEYMAN ŞAHAN;4
;ZONGULDAK;ADALET VE KALKINMA PARTİSİ;MUAMMER AVCI;1
;ZONGULDAK;CUMHURİYET HALK PARTİSİ;DENİZ YAVUZYILMAZ;2
;ZONGULDAK;ADALET VE KALKINMA PARTİSİ;SAFFET BOZKURT;3
;ZONGULDAK;CUMHURİYET HALK PARTİSİ;EYLEM ERTUĞ ERTUĞRUL;4
;ZONGULDAK;ADALET VE KALKINMA PARTİSİ;AHMET ÇOLAKOĞLU;5
